Agent_ID,Agent_Name,Agent_Phone,User_ID
2001,Nagashree A,1234567890,1001
2002,Shravya B,1414141414,1002
2003,Lee C,1212131212,1003
2004,John Stew,1616161515,1004
2005,Alex,1912131415,1005
2006,Pandiyan S,1111197977,1006
2007,Surya,9797979696,1007
2008,Vijay,9999900000,1008
2009,Karthi,9789788888,1009
2010,Yash,9880988099,1010
2011,Puneeth,9696965555,1011
2012,Vicky,9824242424,1012
2013,Lucy,9797969612,1013
2014,Riya,1515157777,1014
2015,Diya,2626262690,1015
2016,Shamitha,8888806060,1016
2017,Rosy,8989898989,1017
2018,Cindy,9916161316,1018
2019,tarun,2525252222,1019
2020,farha,2929291111,1020
2021,Gagan,5656567878,1021
2022,Hari,6767655556,1022
2023,sohan,1761761761,1023
2024,daivik,2929292929,1024
2025,rohan,2200220022,1025
2026,rithvik,1110001110,1026
2027,Samhitha,9494946666,1027
2028,Sidhanth,2727272711,1028
2029,Krishna,1087108722,1029
2030,Mathangi,8686949433,1030
2031,Sahana,2020707011,1031
2032,Sheetal,8765462301,1032
2033,Vanitha,2325262713,1033
2034,Rakshitha ,1256789044,1034
2035,Sathvik,5676899833,1035
2036,Suman,1502876544,1036
2037,Suhasini,8912129820,1037
2038,Rohini,9832983210,1038
2039,Ramya R,1093457676,1039
2040,Rekha B,2678243129,1040
2041,Roopesh B N ,9844252052,1041
2042,Raghavendra M,9632963210,1042
2043,Santosh B,9739583655,1043
2044,Rashmi A,9854546767,1044
2045,Mayank P,9845321097,1045
2046,Prathap H N,9844700020,1046
2047,Arun kumar H N,9646272319,1047
2048,Nagaraj N,9844272050,1048
2049,Hemavathi G,9844307001,1049
2050,Vijayashree S,9945805176,1050
