User_ID,User_Name,User_Phone
1001,Joseph,789-562-6800
1002,Gary,269-051-1746
1003,John,429-995-5932
1004,Eric,514-996-1991
1005,William,460-959-8435
1006,Nicole,476-955-0006
1007,Varun,828-727-2091
1008,Jason,268-867-8015
1009,Kent,106-493-6219
1010,Darrell,556-148-5210
1011,Jacqueline,864-402-0110
1012,Raman,555-109-7887
1013,Omar,350-000-3150
1014,Sneha,449-081-2239
1015,Jason,961-073-9392
1016,David,321-703-3211
1017,Kimberly,909-729-0283
1018,Erik,801-479-7482
1019,Shreya,459-729-2423
1020,Derek,510-353-5848
1021,Diane,646-751-3599
1022,Cody,374-726-8117
1023,Margaret,612-048-2978
1024,Arthur,746-094-4737
1025,Arun,600-812-1972
1026,Tina,153-888-4265
1027,Kylie,378-745-5951
1028,Jonathan,479-892-5393
1029,Angela,831-900-5653
1030,Michael,238-482-6577
1031,Craig,716-226-1777
1032,Tiffany,853-330-2070
1033,Erica,924-047-8346
1034,Patricia,213-250-6852
1035,Brian,474-161-8530
1036,Saritha,192-230-8399
1037,Connor,311-497-4507
1038,Michael,477-985-4619
1039,Ram,899-651-2363
1040,Jonathan,995-778-5427
1041,Francis,722-177-6266
1042,Matthew,226-513-6254
1043,Kim,494-827-7631
1044,Gary,629-861-6439
1045,Nicholas,635-382-2874
1046,Anthony,623-376-4046
1047,Sapna,764-076-1667
1048,Janice,983-746-4147
1049,Erin,675-559-9568
1050,Charles,902-031-7151
